Workbook
Name ListeCauses: Paramètres!$J$5:$J$50
Name ListeCollaborateurs: Paramètres!$A$5:$A$14
Name ListePoles: Paramètres!$E$5:$E$50
Name ListePriorites: Paramètres!$H$5:$H$10
Name ListeProjets: Paramètres!$L$5:$L$50
Name ListeSousCategories: Paramètres!$N$5:$N$80
Name ListeStatuts: Paramètres!$C$5:$C$14

Sheet Dashboard
B2: WATCHPOINT ADVISORY TASK TRACKER
B3: ="Situation au "&TEXT(TODAY(),"dd/mm/yyyy") -> Situation au 11/07/2026
B5: TÂCHES TOTALES | D5: OUVERTES | F5: TERMINÉES | H5: BLOQUÉES | J5: EN RETARD | L5: TAUX DE COMPLÉTION
B6: =COUNTA(Tâches!$B$2:$B$1000) -> 17 | D6: =COUNTIFS(Tâches!$B$2:$B$1000,"<>",Tâches!$J$2:$J$1000,"<>Terminé",Tâches!$J$2:$J$1000,"<>Annulé") -> 17 | F6: =COUNTIF(Tâches!$J$2:$J$1000,"Terminé") -> 0 | H6: =COUNTIF(Tâches!$J$2:$J$1000,"Bloqué") -> 0 | J6: =COUNTIFS(Tâches!$M$2:$M$1000,"<"&TODAY(),Tâches!$N$2:$N$1000,"=",Tâches!$J$2:$J$1000,"<>Terminé",Tâches!$J$2:$J$1000,"<>Annulé") -> 0 | L6: =IFERROR(COUNTIF(Tâches!$J$2:$J$1000,"Terminé")/COUNTA(Tâches!$B$2:$B$1000),0) -> 0
B8: CRÉÉES AUJOURD'HUI | D8: CRÉÉES CETTE SEMAINE | F8: TERMINÉES CETTE SEMAINE | H8: TPS MOYEN RÉSOL. (J) | J8: TPS MÉDIAN (J) | L8: ANCIENNETÉ MOY. OUVERTES (J)
B9: =COUNTIF(Tâches!$K$2:$K$1000,TODAY()) -> 16 | D9: =COUNTIFS(Tâches!$K$2:$K$1000,">="&TODAY()-WEEKDAY(TODAY(),2)+1,Tâches!$K$2:$K$1000,"<="&TODAY()) -> 17 | F9: =COUNTIFS(Tâches!$N$2:$N$1000,">="&TODAY()-WEEKDAY(TODAY(),2)+1,Tâches!$N$2:$N$1000,"<="&TODAY()) -> 0 | H9: =IFERROR(ROUND(AVERAGE(Tâches!$Q$2:$Q$1000),1),"-") -> - | J9: =IFERROR(ROUND(MEDIAN(Tâches!$Q$2:$Q$1000),1),"-") -> - | L9: =IFERROR(ROUND(AVERAGEIFS(Tâches!$R$2:$R$1000,Tâches!$J$2:$J$1000,"<>Terminé",Tâches!$J$2:$J$1000,"<>Annulé"),1),"-") -> 0.1
B11: ANALYSES
B44: PAR COLLABORATEUR
B45: Collaborateur | C45: Ouvertes | D45: Terminées | E45: En retard | F45: Total
B46: =KPIs!G4 -> Léo | C46: =KPIs!H4 -> 12 | D46: =KPIs!I4 -> 0 | E46: =KPIs!J4 -> 0 | F46: =KPIs!K4 -> 12
B47: =KPIs!G5 -> Louis | C47: =KPIs!H5 -> 11 | D47: =KPIs!I5 -> 0 | E47: =KPIs!J5 -> 0 | F47: =KPIs!K5 -> 11
B48: =KPIs!G6 -> Valentin | C48: =KPIs!H6 -> 3 | D48: =KPIs!I6 -> 0 | E48: =KPIs!J6 -> 0 | F48: =KPIs!K6 -> 3
B49: =KPIs!G7 | C49: =KPIs!H7 | D49: =KPIs!I7 | E49: =KPIs!J7 | F49: =KPIs!K7
B50: =KPIs!G8 | C50: =KPIs!H8 | D50: =KPIs!I8 | E50: =KPIs!J8 | F50: =KPIs!K8
B51: =KPIs!G9 | C51: =KPIs!H9 | D51: =KPIs!I9 | E51: =KPIs!J9 | F51: =KPIs!K9
B52: =KPIs!G10 | C52: =KPIs!H10 | D52: =KPIs!I10 | E52: =KPIs!J10 | F52: =KPIs!K10
B53: =KPIs!G11 | C53: =KPIs!H11 | D53: =KPIs!I11 | E53: =KPIs!J11 | F53: =KPIs!K11

Sheet Guide
B2: GUIDE D'UTILISATION TASK TRACKER
B4: Principe | C4: Une seule base "Jira-like" : la feuille « Tâches ». Toutes les tâches de tous les pôles y vivent. Les feuilles « Vue DEV », « Vue Data », etc. sont des vues filtrées automatiques : ne rien y saisir.
B6: Ajouter une tâche | C6: Aller dans « Tâches », remplir une nouvelle ligne à partir de la colonne Titre. L'ID se génère en auto dès que le Pôle est choisi. Les colonnes Temps de résolution, Jours ouverts et Jours de retard se calculent automatiquement.
B8: Colonnes à ne jamais saisir | C8: ID, Temps de résolution (en joirs), Jours ouverts, Jours de retard : Formules.
B10: Statuts et couleurs | C10: Vert = Terminé · Orange = En cours ; Rouge foncé = Bloqué ; Bleu = À valider ; Gris = Annulé ; Ligne rouge clair = en retard ; Deadline jaune = échéance sous 3 jours.
B12: Alertes de cohérence | C12: Case rouge vif sur Date de complétion = tâche marquée Terminé sans date. Case violette sur Deadline = deadline antérieure à la date de début.
B14: Modifier les listes | C14: Tout se passe dans « Paramètres » : collaborateurs, pôles, statuts, priorités, sous-catégories, causes de blocage, projets. Ajouter une valeur en fin de liste suffit. Bien vérifier data validation / Name manager en cas d'erreurr dans les listes déroulantes.
B16: Bonnes pratiques | C16: Ne pas trier la feuille Tâches (les ID par pôle suivent l'ordre de saisie) : trier et filtrer dans les Vues. Archiver les tâches Terminées anciennes dans un onglet à part une fois par trimestre pour garder le fichier rapide.
B18: Import Google Sheets | C18: Fichier conçu pour être importé dans Google Sheets (Fichier > Importer). Si une Vue affiche une erreur après import, cliquer sur sa cellule A2 et revalider la formule =FILTER(...).
B20: Multi-responsables | C20: Plusieurs responsables possibles sur une tâche, séparés par « & » (ex : Louis & Léo). Chaque personne citée compte alors pour 1 tâche dans la charge, les KPI et les graphiques. Éviter des prénoms contenus l'un dans l'autre (ex : Léo / Léon).

Sheet Tâches
A1: ID | B1: Titre | C1: Description | D1: Pôle | E1: Sous-catégorie | F1: Projet | G1: Responsable | H1: Créateur | I1: Priorité | J1: Statut | K1: Date de création | L1: Date de début | M1: Deadline | N1: Date de complétion | O1: Temps estimé (h) | P1: Temps réel (h) | Q1: Temps de résolution (j) | R1: Jours ouverts | S1: Jours de retard | T1: Cause du blocage | U1: Commentaire blocage | V1: Dépendances | W1: Commentaires
A2: =IF($D2="","",VLOOKUP($D2,Paramètres!$E$5:$F$14,2,FALSE())&"-"&TEXT(COUNTIF($D$2:$D2,$D2),"000")) -> ADHOC-001 | B2: MAJ task tracker | C2: Mise a jour CRM suivi des taches operationnelles | D2: ADHOC | E2: New tool | F2: Interne | G2: Léo | H2: Léo | I2: ⭐ Normal | J2: En cours | K2: 46212 | L2: 46211 | M2: 46215 | O2: 6 | P2: 8 | Q2: =IF(OR($N2="",$K2=""),"",$N2-$K2) | R2: =IF($K2="","",IF($N2<>"",$N2-$K2,IF(OR($J2="Terminé",$J2="Annulé"),"",TODAY()-$K2))) -> 2 | S2: =IF(OR($M2="",$J2="Annulé"),"",IF($N2<>"",MAX(0,$N2-$M2),MAX(0,TODAY()-$M2))) -> 0
A3: =IF($D3="","",VLOOKUP($D3,Paramètres!$E$5:$F$14,2,FALSE())&"-"&TEXT(COUNTIF($D$2:$D3,$D3),"000")) -> DEV-001 | B3: Recuperation elements de l'app avec l'ancien dev | C3: Recuperer ; Repo ; Database ; Nom de domaine, documentation | D3: DEV | E3: Collecte | F3: Plateforme SaaS | G3: Louis & Léo | H3: Léo | I3: ⭐⭐ Important | J3: En cours | K3: 46214 | L3: 46214 | M3: 46221 | O3: 8 | Q3: =IF(OR($N3="",$K3=""),"",$N3-$K3) | R3: =IF($K3="","",IF($N3<>"",$N3-$K3,IF(OR($J3="Terminé",$J3="Annulé"),"",TODAY()-$K3))) -> 0 | S3: =IF(OR($M3="",$J3="Annulé"),"",IF($N3<>"",MAX(0,$N3-$M3),MAX(0,TODAY()-$M3))) -> 0 | T3: En attente d'un tiers | W3: Collecte en cours
A4: =IF($D4="","",VLOOKUP($D4,Paramètres!$E$5:$F$14,2,FALSE())&"-"&TEXT(COUNTIF($D$2:$D4,$D4),"000")) -> DEV-002 | B4: Review du code et du flow de donnee | C4: Appropriation du code et de la construction actuelle du code par l'ancien dev | D4: DEV | E4: Backend | F4: Plateforme SaaS | G4: Valentin | H4: Léo | I4: ⭐⭐ Important | J4: En cours | K4: 46214 | L4: 46149 | M4: 46222 | O4: 14 | Q4: =IF(OR($N4="",$K4=""),"",$N4-$K4) | R4: =IF($K4="","",IF($N4<>"",$N4-$K4,IF(OR($J4="Terminé",$J4="Annulé"),"",TODAY()-$K4))) -> 0 | S4: =IF(OR($M4="",$J4="Annulé"),"",IF($N4<>"",MAX(0,$N4-$M4),MAX(0,TODAY()-$M4))) -> 0 | V4: DEV-001
A5: =IF($D5="","",VLOOKUP($D5,Paramètres!$E$5:$F$14,2,FALSE())&"-"&TEXT(COUNTIF($D$2:$D5,$D5),"000")) -> DEV-003 | B5: Onboarding case | C5: Creation puis test de la rountine d'onboarding de nouveaux utilisateurs sur l'app | D5: DEV | E5: Onboarding | F5: Plateforme SaaS | H5: Léo | I5: ⭐ Normal | J5: À faire | K5: 46214 | O5: 4 | Q5: =IF(OR($N5="",$K5=""),"",$N5-$K5) | R5: =IF($K5="","",IF($N5<>"",$N5-$K5,IF(OR($J5="Terminé",$J5="Annulé"),"",TODAY()-$K5))) -> 0 | S5: =IF(OR($M5="",$J5="Annulé"),"",IF($N5<>"",MAX(0,$N5-$M5),MAX(0,TODAY()-$M5)))
A6: =IF($D6="","",VLOOKUP($D6,Paramètres!$E$5:$F$14,2,FALSE())&"-"&TEXT(COUNTIF($D$2:$D6,$D6),"000")) -> DATA-001 | B6: Integration Ebay API | C6: Integration et demarrage scrapping Ebay via API | D6: Data | E6: Data pipeline | F6: Plateforme SaaS | G6: Valentin | H6: Léo | I6: ⭐⭐ Important | J6: À faire | K6: 46214 | O6: 3 | Q6: =IF(OR($N6="",$K6=""),"",$N6-$K6) | R6: =IF($K6="","",IF($N6<>"",$N6-$K6,IF(OR($J6="Terminé",$J6="Annulé"),"",TODAY()-$K6))) -> 0 | S6: =IF(OR($M6="",$J6="Annulé"),"",IF($N6<>"",MAX(0,$N6-$M6),MAX(0,TODAY()-$M6)))
A7: =IF($D7="","",VLOOKUP($D7,Paramètres!$E$5:$F$14,2,FALSE())&"-"&TEXT(COUNTIF($D$2:$D7,$D7),"000")) -> DATA-002 | B7: Test Ebay API | C7: Test Ebay API limits et integration dans la database | D7: Data | E7: Data pipeline | F7: Plateforme SaaS | G7: Valentin | H7: Léo | I7: ⭐⭐ Important | J7: À faire | K7: 46214 | O7: 6 | Q7: =IF(OR($N7="",$K7=""),"",$N7-$K7) | R7: =IF($K7="","",IF($N7<>"",$N7-$K7,IF(OR($J7="Terminé",$J7="Annulé"),"",TODAY()-$K7))) -> 0 | S7: =IF(OR($M7="",$J7="Annulé"),"",IF($N7<>"",MAX(0,$N7-$M7),MAX(0,TODAY()-$M7)))
A8: =IF($D8="","",VLOOKUP($D8,Paramètres!$E$5:$F$14,2,FALSE())&"-"&TEXT(COUNTIF($D$2:$D8,$D8),"000")) -> DATA-003 | B8: Extension Ebay API | C8: Contacter le support et relancer la procedure d'extension de limite de call par objet et demande acces historique | D8: Data | E8: Data pipeline | F8: Plateforme SaaS | G8: Léo | H8: Léo | I8: ⭐⭐ Important | J8: À faire | K8: 46214 | O8: 4 | Q8: =IF(OR($N8="",$K8=""),"",$N8-$K8) | R8: =IF($K8="","",IF($N8<>"",$N8-$K8,IF(OR($J8="Terminé",$J8="Annulé"),"",TODAY()-$K8))) -> 0 | S8: =IF(OR($M8="",$J8="Annulé"),"",IF($N8<>"",MAX(0,$N8-$M8),MAX(0,TODAY()-$M8))) | T8: Dépendance technique | U8: Necessite premier test de call API afin de cadrer le nombre maximum de requete (info necessaire a transmettre au support) | V8: Data-001 & Data-002
A9: =IF($D9="","",VLOOKUP($D9,Paramètres!$E$5:$F$14,2,FALSE())&"-"&TEXT(COUNTIF($D$2:$D9,$D9),"000")) -> ADV-001 | B9: Cours N1 phase 2 Alexis | C9: Recherche et redaction cours + exo Alexis Pierson | D9: Advisory | E9: Rapport client | F9: Coaching Alexis Pierson | G9: Louis & Léo | H9: Léo | I9: ⭐ Normal | J9: À faire | K9: 46214 | O9: 8 | Q9: =IF(OR($N9="",$K9=""),"",$N9-$K9) | R9: =IF($K9="","",IF($N9<>"",$N9-$K9,IF(OR($J9="Terminé",$J9="Annulé"),"",TODAY()-$K9))) -> 0 | S9: =IF(OR($M9="",$J9="Annulé"),"",IF($N9<>"",MAX(0,$N9-$M9),MAX(0,TODAY()-$M9)))
A10: =IF($D10="","",VLOOKUP($D10,Paramètres!$E$5:$F$14,2,FALSE())&"-"&TEXT(COUNTIF($D$2:$D10,$D10),"000")) -> ADV-002 | B10: Correction exo N1 Alexis | C10: Correction exo Alexis Pierson phase 2 | D10: Advisory | E10: Rapport client | F10: Coaching Alexis Pierson | G10: Louis & Léo | H10: Léo | I10: ⭐ Normal | J10: À faire | K10: 46214 | Q10: =IF(OR($N10="",$K10=""),"",$N10-$K10) | R10: =IF($K10="","",IF($N10<>"",$N10-$K10,IF(OR($J10="Terminé",$J10="Annulé"),"",TODAY()-$K10))) -> 0 | S10: =IF(OR($M10="",$J10="Annulé"),"",IF($N10<>"",MAX(0,$N10-$M10),MAX(0,TODAY()-$M10)))
A11: =IF($D11="","",VLOOKUP($D11,Paramètres!$E$5:$F$14,2,FALSE())&"-"&TEXT(COUNTIF($D$2:$D11,$D11),"000")) -> ADV-003 | B11: Suivi transaction Alexis | C11: Suivi transaction achat revente Alexis Pierson | D11: Advisory | E11: Suivi client | F11: Coaching Alexis Pierson | G11: Louis & Léo | H11: Léo | I11: ⭐ Normal | J11: En cours | K11: 46214 | Q11: =IF(OR($N11="",$K11=""),"",$N11-$K11) | R11: =IF($K11="","",IF($N11<>"",$N11-$K11,IF(OR($J11="Terminé",$J11="Annulé"),"",TODAY()-$K11))) -> 0 | S11: =IF(OR($M11="",$J11="Annulé"),"",IF($N11<>"",MAX(0,$N11-$M11),MAX(0,TODAY()-$M11)))
A12: =IF($D12="","",VLOOKUP($D12,Paramètres!$E$5:$F$14,2,FALSE())&"-"&TEXT(COUNTIF($D$2:$D12,$D12),"000")) -> ADV-004 | B12: Conseil acquisition et revente Rolex Wimbledon | C12: Accompagnement Alexis + advisory pour un proche | D12: Advisory | E12: Suivi client | F12: Coaching Alexis Pierson | G12: Louis & Léo | H12: Léo | I12: ⭐ Normal | J12: En cours | K12: 46214 | Q12: =IF(OR($N12="",$K12=""),"",$N12-$K12) | R12: =IF($K12="","",IF($N12<>"",$N12-$K12,IF(OR($J12="Terminé",$J12="Annulé"),"",TODAY()-$K12))) -> 0 | S12: =IF(OR($M12="",$J12="Annulé"),"",IF($N12<>"",MAX(0,$N12-$M12),MAX(0,TODAY()-$M12)))
A13: =IF($D13="","",VLOOKUP($D13,Paramètres!$E$5:$F$14,2,FALSE())&"-"&TEXT(COUNTIF($D$2:$D13,$D13),"000")) -> PROSP-001 | B13: Relance Louis Mercier | C13: Relance prospection advisory Louis Mercier (demarrage septembre attendu) | D13: Prospection | E13: Proposition commerciale | F13: Conversion prospect | G13: Louis & Léo | H13: Léo | I13: ⭐ Normal | J13: À faire | K13: 46214 | Q13: =IF(OR($N13="",$K13=""),"",$N13-$K13) | R13: =IF($K13="","",IF($N13<>"",$N13-$K13,IF(OR($J13="Terminé",$J13="Annulé"),"",TODAY()-$K13))) -> 0 | S13: =IF(OR($M13="",$J13="Annulé"),"",IF($N13<>"",MAX(0,$N13-$M13),MAX(0,TODAY()-$M13)))
A14: =IF($D14="","",VLOOKUP($D14,Paramètres!$E$5:$F$14,2,FALSE())&"-"&TEXT(COUNTIF($D$2:$D14,$D14),"000")) -> PROSP-002 | B14: Contrat Advisory Louis Mercier | C14: Rediger contrat de suivi Louis Mercier | D14: Prospection | E14: Contrat | F14: Conversion prospect | G14: Louis & Léo | H14: Léo | I14: ⭐ Normal | J14: À faire | K14: 46214 | Q14: =IF(OR($N14="",$K14=""),"",$N14-$K14) | R14: =IF($K14="","",IF($N14<>"",$N14-$K14,IF(OR($J14="Terminé",$J14="Annulé"),"",TODAY()-$K14))) -> 0 | S14: =IF(OR($M14="",$J14="Annulé"),"",IF($N14<>"",MAX(0,$N14-$M14),MAX(0,TODAY()-$M14)))
A15: =IF($D15="","",VLOOKUP($D15,Paramètres!$E$5:$F$14,2,FALSE())&"-"&TEXT(COUNTIF($D$2:$D15,$D15),"000")) -> ADHOC-002 | B15: Autom Bot Telegram | C15: Finir de parametrer et tester le bot Telegram pour post daily + geneation d'image via Higgsfield | D15: ADHOC | E15: New tool | F15: Communication | G15: Louis | H15: Léo | I15: ⭐⭐ Important | J15: En cours | K15: 46214 | L15: 46152 | O15: 15 | Q15: =IF(OR($N15="",$K15=""),"",$N15-$K15) | R15: =IF($K15="","",IF($N15<>"",$N15-$K15,IF(OR($J15="Terminé",$J15="Annulé"),"",TODAY()-$K15))) -> 0 | S15: =IF(OR($M15="",$J15="Annulé"),"",IF($N15<>"",MAX(0,$N15-$M15),MAX(0,TODAY()-$M15)))
A16: =IF($D16="","",VLOOKUP($D16,Paramètres!$E$5:$F$14,2,FALSE())&"-"&TEXT(COUNTIF($D$2:$D16,$D16),"000")) -> ADMIN-001 | B16: Pacte d'associes | C16: Redaction et signature pacte d'associes | D16: Admin | E16: Contrat | F16: Pacte d'associes | G16: Louis & Léo | H16: Léo | I16: ⭐⭐⭐ Critique | J16: En cours | K16: 46214 | L16: 46174 | O16: 50 | Q16: =IF(OR($N16="",$K16=""),"",$N16-$K16) | R16: =IF($K16="","",IF($N16<>"",$N16-$K16,IF(OR($J16="Terminé",$J16="Annulé"),"",TODAY()-$K16))) -> 0 | S16: =IF(OR($M16="",$J16="Annulé"),"",IF($N16<>"",MAX(0,$N16-$M16),MAX(0,TODAY()-$M16)))
A17: =IF($D17="","",VLOOKUP($D17,Paramètres!$E$5:$F$14,2,FALSE())&"-"&TEXT(COUNTIF($D$2:$D17,$D17),"000")) -> ADMIN-002 | B17: Partenariat WatchCertificate | C17: Proposition partenariat commercial tunnel de vente WatchCertificate | D17: Admin | E17: Partenariat Commercial | F17: Partenariat commercial | G17: Louis & Léo | H17: Léo | I17: ⭐ Normal | J17: À faire | K17: 46214 | Q17: =IF(OR($N17="",$K17=""),"",$N17-$K17) | R17: =IF($K17="","",IF($N17<>"",$N17-$K17,IF(OR($J17="Terminé",$J17="Annulé"),"",TODAY()-$K17))) -> 0 | S17: =IF(OR($M17="",$J17="Annulé"),"",IF($N17<>"",MAX(0,$N17-$M17),MAX(0,TODAY()-$M17)))
A18: =IF($D18="","",VLOOKUP($D18,Paramètres!$E$5:$F$14,2,FALSE())&"-"&TEXT(COUNTIF($D$2:$D18,$D18),"000")) -> DATA-004 | B18: Partenariat Auctions Houses | C18: Prospection partenariat data + tunnel de vente au pres d'auction houses | D18: Data | E18: Partenariat Data | F18: Partenariat commercial | G18: Louis & Léo | H18: Léo | I18: ⭐⭐ Important | J18: À faire | K18: 46214 | Q18: =IF(OR($N18="",$K18=""),"",$N18-$K18) | R18: =IF($K18="","",IF($N18<>"",$N18-$K18,IF(OR($J18="Terminé",$J18="Annulé"),"",TODAY()-$K18))) -> 0 | S18: =IF(OR($M18="",$J18="Annulé"),"",IF($N18<>"",MAX(0,$N18-$M18),MAX(0,TODAY()-$M18)))
A19: =IF($D19="","",VLOOKUP($D19,Paramètres!$E$5:$F$14,2,FALSE())&"-"&TEXT(COUNTIF($D$2:$D19,$D19),"000")) | Q19: =IF(OR($N19="",$K19=""),"",$N19-$K19) | R19: =IF($K19="","",IF($N19<>"",$N19-$K19,IF(OR($J19="Terminé",$J19="Annulé"),"",TODAY()-$K19))) | S19: =IF(OR($M19="",$J19="Annulé"),"",IF($N19<>"",MAX(0,$N19-$M19),MAX(0,TODAY()-$M19)))
A20: =IF($D20="","",VLOOKUP($D20,Paramètres!$E$5:$F$14,2,FALSE())&"-"&TEXT(COUNTIF($D$2:$D20,$D20),"000")) | Q20: =IF(OR($N20="",$K20=""),"",$N20-$K20) | R20: =IF($K20="","",IF($N20<>"",$N20-$K20,IF(OR($J20="Terminé",$J20="Annulé"),"",TODAY()-$K20))) | S20: =IF(OR($M20="",$J20="Annulé"),"",IF($N20<>"",MAX(0,$N20-$M20),MAX(0,TODAY()-$M20)))
A21: =IF($D21="","",VLOOKUP($D21,Paramètres!$E$5:$F$14,2,FALSE())&"-"&TEXT(COUNTIF($D$2:$D21,$D21),"000")) | Q21: =IF(OR($N21="",$K21=""),"",$N21-$K21) | R21: =IF($K21="","",IF($N21<>"",$N21-$K21,IF(OR($J21="Terminé",$J21="Annulé"),"",TODAY()-$K21))) | S21: =IF(OR($M21="",$J21="Annulé"),"",IF($N21<>"",MAX(0,$N21-$M21),MAX(0,TODAY()-$M21)))
A22: =IF($D22="","",VLOOKUP($D22,Paramètres!$E$5:$F$14,2,FALSE())&"-"&TEXT(COUNTIF($D$2:$D22,$D22),"000")) | Q22: =IF(OR($N22="",$K22=""),"",$N22-$K22) | R22: =IF($K22="","",IF($N22<>"",$N22-$K22,IF(OR($J22="Terminé",$J22="Annulé"),"",TODAY()-$K22))) | S22: =IF(OR($M22="",$J22="Annulé"),"",IF($N22<>"",MAX(0,$N22-$M22),MAX(0,TODAY()-$M22)))
A23: =IF($D23="","",VLOOKUP($D23,Paramètres!$E$5:$F$14,2,FALSE())&"-"&TEXT(COUNTIF($D$2:$D23,$D23),"000")) | Q23: =IF(OR($N23="",$K23=""),"",$N23-$K23) | R23: =IF($K23="","",IF($N23<>"",$N23-$K23,IF(OR($J23="Terminé",$J23="Annulé"),"",TODAY()-$K23))) | S23: =IF(OR($M23="",$J23="Annulé"),"",IF($N23<>"",MAX(0,$N23-$M23),MAX(0,TODAY()-$M23)))
A24: =IF($D24="","",VLOOKUP($D24,Paramètres!$E$5:$F$14,2,FALSE())&"-"&TEXT(COUNTIF($D$2:$D24,$D24),"000")) | Q24: =IF(OR($N24="",$K24=""),"",$N24-$K24) | R24: =IF($K24="","",IF($N24<>"",$N24-$K24,IF(OR($J24="Terminé",$J24="Annulé"),"",TODAY()-$K24))) | S24: =IF(OR($M24="",$J24="Annulé"),"",IF($N24<>"",MAX(0,$N24-$M24),MAX(0,TODAY()-$M24)))
A25: =IF($D25="","",VLOOKUP($D25,Paramètres!$E$5:$F$14,2,FALSE())&"-"&TEXT(COUNTIF($D$2:$D25,$D25),"000")) | Q25: =IF(OR($N25="",$K25=""),"",$N25-$K25) | R25: =IF($K25="","",IF($N25<>"",$N25-$K25,IF(OR($J25="Terminé",$J25="Annulé"),"",TODAY()-$K25))) | S25: =IF(OR($M25="",$J25="Annulé"),"",IF($N25<>"",MAX(0,$N25-$M25),MAX(0,TODAY()-$M25)))
A26: =IF($D26="","",VLOOKUP($D26,Paramètres!$E$5:$F$14,2,FALSE())&"-"&TEXT(COUNTIF($D$2:$D26,$D26),"000")) | Q26: =IF(OR($N26="",$K26=""),"",$N26-$K26) | R26: =IF($K26="","",IF($N26<>"",$N26-$K26,IF(OR($J26="Terminé",$J26="Annulé"),"",TODAY()-$K26))) | S26: =IF(OR($M26="",$J26="Annulé"),"",IF($N26<>"",MAX(0,$N26-$M26),MAX(0,TODAY()-$M26)))
A27: =IF($D27="","",VLOOKUP($D27,Paramètres!$E$5:$F$14,2,FALSE())&"-"&TEXT(COUNTIF($D$2:$D27,$D27),"000")) | Q27: =IF(OR($N27="",$K27=""),"",$N27-$K27) | R27: =IF($K27="","",IF($N27<>"",$N27-$K27,IF(OR($J27="Terminé",$J27="Annulé"),"",TODAY()-$K27))) | S27: =IF(OR($M27="",$J27="Annulé"),"",IF($N27<>"",MAX(0,$N27-$M27),MAX(0,TODAY()-$M27)))
A28: =IF($D28="","",VLOOKUP($D28,Paramètres!$E$5:$F$14,2,FALSE())&"-"&TEXT(COUNTIF($D$2:$D28,$D28),"000")) | Q28: =IF(OR($N28="",$K28=""),"",$N28-$K28) | R28: =IF($K28="","",IF($N28<>"",$N28-$K28,IF(OR($J28="Terminé",$J28="Annulé"),"",TODAY()-$K28))) | S28: =IF(OR($M28="",$J28="Annulé"),"",IF($N28<>"",MAX(0,$N28-$M28),MAX(0,TODAY()-$M28)))
A29: =IF($D29="","",VLOOKUP($D29,Paramètres!$E$5:$F$14,2,FALSE())&"-"&TEXT(COUNTIF($D$2:$D29,$D29),"000")) | Q29: =IF(OR($N29="",$K29=""),"",$N29-$K29) | R29: =IF($K29="","",IF($N29<>"",$N29-$K29,IF(OR($J29="Terminé",$J29="Annulé"),"",TODAY()-$K29))) | S29: =IF(OR($M29="",$J29="Annulé"),"",IF($N29<>"",MAX(0,$N29-$M29),MAX(0,TODAY()-$M29)))
A30: =IF($D30="","",VLOOKUP($D30,Paramètres!$E$5:$F$14,2,FALSE())&"-"&TEXT(COUNTIF($D$2:$D30,$D30),"000")) | Q30: =IF(OR($N30="",$K30=""),"",$N30-$K30) | R30: =IF($K30="","",IF($N30<>"",$N30-$K30,IF(OR($J30="Terminé",$J30="Annulé"),"",TODAY()-$K30))) | S30: =IF(OR($M30="",$J30="Annulé"),"",IF($N30<>"",MAX(0,$N30-$M30),MAX(0,TODAY()-$M30)))
... A500: =IF($D500="","",VLOOKUP($D500,Paramètres!$E$5:$F$14,2,FALSE())&"-"&TEXT(COUNTIF($D$2:$D500,$D500),"000")) | Q500: =IF(OR($N500="",$K500=""),"",$N500-$K500) | R500: =IF($K500="","",IF($N500<>"",$N500-$K500,IF(OR($J500="Terminé",$J500="Annulé"),"",TODAY()-$K500))) | S500: =IF(OR($M500="",$J500="Annulé"),"",IF($N500<>"",MAX(0,$N500-$M500),MAX(0,TODAY()-$M500)))

Sheet Vue DEV
A1: ID | B1: Titre | C1: Description | D1: Pôle | E1: Sous-catégorie | F1: Projet | G1: Responsable | H1: Créateur | I1: Priorité | J1: Statut | K1: Date de création | L1: Date de début | M1: Deadline | N1: Date de complétion | O1: Temps estimé (h) | P1: Temps réel (h) | Q1: Temps de résolution (j) | R1: Jours ouverts | S1: Jours de retard | T1: Cause du blocage | U1: Commentaire blocage | V1: Dépendances | W1: Commentaires
A2: {=IFERROR(_xlfn._xlws.FILTER(Tâches!$A$2:$W$1000,Tâches!$D$2:$D$1000="DEV"),"")} -> DEV-001 | B2: Recuperation elements de l'app avec l'ancien dev | C2: Recuperer ; Repo ; Database ; Nom de domaine, documentation | D2: DEV | E2: Collecte | F2: Plateforme SaaS | G2: Louis & Léo | H2: Léo | I2: ⭐⭐ Important | J2: En cours | K2: 46214 | L2: 46214 | M2: 46221 | N2: 0 | O2: 8 | P2: 0 | R2: 0 | S2: 0 | T2: En attente d'un tiers | U2: 0 | V2: 0 | W2: Collecte en cours
A3: DEV-002 | B3: Review du code et du flow de donnee | C3: Appropriation du code et de la construction actuelle du code par l'ancien dev | D3: DEV | E3: Backend | F3: Plateforme SaaS | G3: Valentin | H3: Léo | I3: ⭐⭐ Important | J3: En cours | K3: 46214 | L3: 46149 | M3: 46222 | N3: 0 | O3: 14 | P3: 0 | R3: 0 | S3: 0 | T3: 0 | U3: 0 | V3: DEV-001 | W3: 0
A4: DEV-003 | B4: Onboarding case | C4: Creation puis test de la rountine d'onboarding de nouveaux utilisateurs sur l'app | D4: DEV | E4: Onboarding | F4: Plateforme SaaS | G4: 0 | H4: Léo | I4: ⭐ Normal | J4: À faire | K4: 46214 | L4: 0 | M4: 0 | N4: 0 | O4: 4 | P4: 0 | R4: 0 | T4: 0 | U4: 0 | V4: 0 | W4: 0

Sheet Vue Data
A1: ID | B1: Titre | C1: Description | D1: Pôle | E1: Sous-catégorie | F1: Projet | G1: Responsable | H1: Créateur | I1: Priorité | J1: Statut | K1: Date de création | L1: Date de début | M1: Deadline | N1: Date de complétion | O1: Temps estimé (h) | P1: Temps réel (h) | Q1: Temps de résolution (j) | R1: Jours ouverts | S1: Jours de retard | T1: Cause du blocage | U1: Commentaire blocage | V1: Dépendances | W1: Commentaires
A2: {=IFERROR(_xlfn._xlws.FILTER(Tâches!$A$2:$W$1000,Tâches!$D$2:$D$1000="Data"),"")} -> DATA-001 | B2: Integration Ebay API | C2: Integration et demarrage scrapping Ebay via API | D2: Data | E2: Data pipeline | F2: Plateforme SaaS | G2: Valentin | H2: Léo | I2: ⭐⭐ Important | J2: À faire | K2: 46214 | L2: 0 | M2: 0 | N2: 0 | O2: 3 | P2: 0 | R2: 0 | T2: 0 | U2: 0 | V2: 0 | W2: 0
A3: DATA-002 | B3: Test Ebay API | C3: Test Ebay API limits et integration dans la database | D3: Data | E3: Data pipeline | F3: Plateforme SaaS | G3: Valentin | H3: Léo | I3: ⭐⭐ Important | J3: À faire | K3: 46214 | L3: 0 | M3: 0 | N3: 0 | O3: 6 | P3: 0 | R3: 0 | T3: 0 | U3: 0 | V3: 0 | W3: 0
A4: DATA-003 | B4: Extension Ebay API | C4: Contacter le support et relancer la procedure d'extension de limite de call par objet et demande acces historique | D4: Data | E4: Data pipeline | F4: Plateforme SaaS | G4: Léo | H4: Léo | I4: ⭐⭐ Important | J4: À faire | K4: 46214 | L4: 0 | M4: 0 | N4: 0 | O4: 4 | P4: 0 | R4: 0 | T4: Dépendance technique | U4: Necessite premier test de call API afin de cadrer le nombre maximum de requete (info necessaire a transmettre au support) | V4: Data-001 & Data-002 | W4: 0
A5: DATA-004 | B5: Partenariat Auctions Houses | C5: Prospection partenariat data + tunnel de vente au pres d'auction houses | D5: Data | E5: Partenariat Data | F5: Partenariat commercial | G5: Louis & Léo | H5: Léo | I5: ⭐⭐ Important | J5: À faire | K5: 46214 | L5: 0 | M5: 0 | N5: 0 | O5: 0 | P5: 0 | R5: 0 | T5: 0 | U5: 0 | V5: 0 | W5: 0

Sheet Vue Advisory
A1: ID | B1: Titre | C1: Description | D1: Pôle | E1: Sous-catégorie | F1: Projet | G1: Responsable | H1: Créateur | I1: Priorité | J1: Statut | K1: Date de création | L1: Date de début | M1: Deadline | N1: Date de complétion | O1: Temps estimé (h) | P1: Temps réel (h) | Q1: Temps de résolution (j) | R1: Jours ouverts | S1: Jours de retard | T1: Cause du blocage | U1: Commentaire blocage | V1: Dépendances | W1: Commentaires
A2: {=IFERROR(_xlfn._xlws.FILTER(Tâches!$A$2:$W$1000,Tâches!$D$2:$D$1000="Advisory"),"")} -> ADV-001 | B2: Cours N1 phase 2 Alexis | C2: Recherche et redaction cours + exo Alexis Pierson | D2: Advisory | E2: Rapport client | F2: Coaching Alexis Pierson | G2: Louis & Léo | H2: Léo | I2: ⭐ Normal | J2: À faire | K2: 46214 | L2: 0 | M2: 0 | N2: 0 | O2: 8 | P2: 0 | R2: 0 | T2: 0 | U2: 0 | V2: 0 | W2: 0
A3: ADV-002 | B3: Correction exo N1 Alexis | C3: Correction exo Alexis Pierson phase 2 | D3: Advisory | E3: Rapport client | F3: Coaching Alexis Pierson | G3: Louis & Léo | H3: Léo | I3: ⭐ Normal | J3: À faire | K3: 46214 | L3: 0 | M3: 0 | N3: 0 | O3: 0 | P3: 0 | R3: 0 | T3: 0 | U3: 0 | V3: 0 | W3: 0
A4: ADV-003 | B4: Suivi transaction Alexis | C4: Suivi transaction achat revente Alexis Pierson | D4: Advisory | E4: Suivi client | F4: Coaching Alexis Pierson | G4: Louis & Léo | H4: Léo | I4: ⭐ Normal | J4: En cours | K4: 46214 | L4: 0 | M4: 0 | N4: 0 | O4: 0 | P4: 0 | R4: 0 | T4: 0 | U4: 0 | V4: 0 | W4: 0
A5: ADV-004 | B5: Conseil acquisition et revente Rolex Wimbledon | C5: Accompagnement Alexis + advisory pour un proche | D5: Advisory | E5: Suivi client | F5: Coaching Alexis Pierson | G5: Louis & Léo | H5: Léo | I5: ⭐ Normal | J5: En cours | K5: 46214 | L5: 0 | M5: 0 | N5: 0 | O5: 0 | P5: 0 | R5: 0 | T5: 0 | U5: 0 | V5: 0 | W5: 0

Sheet Vue ADHOC
A1: ID | B1: Titre | C1: Description | D1: Pôle | E1: Sous-catégorie | F1: Projet | G1: Responsable | H1: Créateur | I1: Priorité | J1: Statut | K1: Date de création | L1: Date de début | M1: Deadline | N1: Date de complétion | O1: Temps estimé (h) | P1: Temps réel (h) | Q1: Temps de résolution (j) | R1: Jours ouverts | S1: Jours de retard | T1: Cause du blocage | U1: Commentaire blocage | V1: Dépendances | W1: Commentaires
A2: {=IFERROR(_xlfn._xlws.FILTER(Tâches!$A$2:$W$1000,Tâches!$D$2:$D$1000="ADHOC"),"")} -> ADHOC-001 | B2: MAJ task tracker | C2: Mise a jour CRM suivi des taches operationnelles | D2: ADHOC | E2: New tool | F2: Interne | G2: Léo | H2: Léo | I2: ⭐ Normal | J2: En cours | K2: 46212 | L2: 46211 | M2: 46215 | N2: 0 | O2: 6 | P2: 8 | R2: 2 | S2: 0 | T2: 0 | U2: 0 | V2: 0 | W2: 0
A3: ADHOC-002 | B3: Autom Bot Telegram | C3: Finir de parametrer et tester le bot Telegram pour post daily + geneation d'image via Higgsfield | D3: ADHOC | E3: New tool | F3: Communication | G3: Louis | H3: Léo | I3: ⭐⭐ Important | J3: En cours | K3: 46214 | L3: 46152 | M3: 0 | N3: 0 | O3: 15 | P3: 0 | R3: 0 | T3: 0 | U3: 0 | V3: 0 | W3: 0

Sheet Vue Admin
A1: ID | B1: Titre | C1: Description | D1: Pôle | E1: Sous-catégorie | F1: Projet | G1: Responsable | H1: Créateur | I1: Priorité | J1: Statut | K1: Date de création | L1: Date de début | M1: Deadline | N1: Date de complétion | O1: Temps estimé (h) | P1: Temps réel (h) | Q1: Temps de résolution (j) | R1: Jours ouverts | S1: Jours de retard | T1: Cause du blocage | U1: Commentaire blocage | V1: Dépendances | W1: Commentaires
A2: {=IFERROR(_xlfn._xlws.FILTER(Tâches!$A$2:$W$1000,Tâches!$D$2:$D$1000="Admin"),"")} -> ADMIN-001 | B2: Pacte d'associes | C2: Redaction et signature pacte d'associes | D2: Admin | E2: Contrat | F2: Pacte d'associes | G2: Louis & Léo | H2: Léo | I2: ⭐⭐⭐ Critique | J2: En cours | K2: 46214 | L2: 46174 | M2: 0 | N2: 0 | O2: 50 | P2: 0 | R2: 0 | T2: 0 | U2: 0 | V2: 0 | W2: 0
A3: ADMIN-002 | B3: Partenariat WatchCertificate | C3: Proposition partenariat commercial tunnel de vente WatchCertificate | D3: Admin | E3: Partenariat Commercial | F3: Partenariat commercial | G3: Louis & Léo | H3: Léo | I3: ⭐ Normal | J3: À faire | K3: 46214 | L3: 0 | M3: 0 | N3: 0 | O3: 0 | P3: 0 | R3: 0 | T3: 0 | U3: 0 | V3: 0 | W3: 0

Sheet Vue Prospection
A1: ID | B1: Titre | C1: Description | D1: Pôle | E1: Sous-catégorie | F1: Projet | G1: Responsable | H1: Créateur | I1: Priorité | J1: Statut | K1: Date de création | L1: Date de début | M1: Deadline | N1: Date de complétion | O1: Temps estimé (h) | P1: Temps réel (h) | Q1: Temps de résolution (j) | R1: Jours ouverts | S1: Jours de retard | T1: Cause du blocage | U1: Commentaire blocage | V1: Dépendances | W1: Commentaires
A2: {=IFERROR(_xlfn._xlws.FILTER(Tâches!$A$2:$W$1000,Tâches!$D$2:$D$1000="Prospection"),"")} -> PROSP-001 | B2: Relance Louis Mercier | C2: Relance prospection advisory Louis Mercier (demarrage septembre attendu) | D2: Prospection | E2: Proposition commerciale | F2: Conversion prospect | G2: Louis & Léo | H2: Léo | I2: ⭐ Normal | J2: À faire | K2: 46214 | L2: 0 | M2: 0 | N2: 0 | O2: 0 | P2: 0 | R2: 0 | T2: 0 | U2: 0 | V2: 0 | W2: 0
A3: PROSP-002 | B3: Contrat Advisory Louis Mercier | C3: Rediger contrat de suivi Louis Mercier | D3: Prospection | E3: Contrat | F3: Conversion prospect | G3: Louis & Léo | H3: Léo | I3: ⭐ Normal | J3: À faire | K3: 46214 | L3: 0 | M3: 0 | N3: 0 | O3: 0 | P3: 0 | R3: 0 | T3: 0 | U3: 0 | V3: 0 | W3: 0

Sheet Paramètres
A1: PARAMÈTRES
A2: Toutes les listes déroulantes du classeur pointent ici. Ajoutez une valeur en fin de liste, elle devient disponible partout.
A4: Collaborateurs | C4: Statuts | E4: Pôles | F4: Préfixe ID | H4: Priorités | J4: Causes de blocage | L4: Projets | N4: Sous-catégories | O4: Pôle
A5: Léo | C5: À faire | E5: DEV | F5: DEV | H5: ⭐⭐⭐ Critique | J5: En attente d'un tiers | L5: Plateforme SaaS | N5: Frontend | O5: DEV
A6: Louis | C6: En cours | E6: Data | F6: DATA | H6: ⭐⭐ Important | J6: Dépendance technique | L6: Coaching Alexis Pierson | N6: Backend | O6: DEV
A7: Valentin | C7: En attente | E7: Advisory | F7: ADV | H7: ⭐ Normal | J7: En attente de validation | L7: Deal Anthony | N7: Data pipeline | O7: DEV
C8: Bloqué | E8: ADHOC | F8: ADHOC | J8: Manque d'info / specs | L8: Pipeline données | N8: Bug fix | O8: DEV
C9: À valider | E9: Admin | F9: ADMIN | J9: Blocage externe (API / accès) | L9: Interne | N9: Infra / DevOps | O9: DEV
C10: Terminé | E10: Prospection | F10: PROSP | J10: Autre | L10: Pacte d'associes | N10: Revue de code | O10: DEV
C11: Annulé | L11: Conversion prospect | N11: Collecte | O11: Data
L12: Communication | N12: Nettoyage | O12: Data
L13: Partenariat commercial | N13: Intégration API | O13: Data
N14: Modélisation | O14: Data
N15: Contrôle qualité | O15: Data
N16: Rapport client | O16: Advisory
N17: Call / RDV | O17: Advisory
N18: Contrat | O18: Advisory
N19: Suivi client | O19: Advisory
N20: Onboarding | O20: Advisory
N21: Recherche | O21: ADHOC
N22: Analyse ponctuelle | O22: ADHOC
N23: Support | O23: ADHOC
N24: Divers | O24: ADHOC
N25: Juridique | O25: Admin
... N37: Partenariat Data | O37: Data

Sheet KPIs
A1: CALCULS (feuille technique — alimente le Dashboard, ne pas modifier)
A3: Statut | B3: Nb | D3: Priorité | E3: Nb | G3: Collaborateur | H3: Ouvertes | I3: Terminées | J3: En retard | K3: Total
A4: À faire | B4: =COUNTIF(Tâches!$J$2:$J$1000,$A4) -> 10 | D4: ⭐⭐⭐ Critique | E4: =COUNTIF(Tâches!$I$2:$I$1000,$D4) -> 1 | G4: =IF(Paramètres!$A$5="","",Paramètres!$A$5) -> Léo | H4: =IF($G4="","",COUNTIFS(Tâches!$G$2:$G$1000,"*"&$G4&"*",Tâches!$J$2:$J$1000,"<>Terminé",Tâches!$J$2:$J$1000,"<>Annulé")) -> 12 | I4: =IF($G4="","",COUNTIFS(Tâches!$G$2:$G$1000,"*"&$G4&"*",Tâches!$J$2:$J$1000,"Terminé")) -> 0 | J4: =IF($G4="","",COUNTIFS(Tâches!$G$2:$G$1000,"*"&$G4&"*",Tâches!$M$2:$M$1000,"<"&TODAY(),Tâches!$N$2:$N$1000,"=",Tâches!$J$2:$J$1000,"<>Terminé",Tâches!$J$2:$J$1000,"<>Annulé")) -> 0 | K4: =SUM(H4:J4) -> 12
A5: En cours | B5: =COUNTIF(Tâches!$J$2:$J$1000,$A5) -> 7 | D5: ⭐⭐ Important | E5: =COUNTIF(Tâches!$I$2:$I$1000,$D5) -> 7 | G5: =IF(Paramètres!$A$6="","",Paramètres!$A$6) -> Louis | H5: =IF($G5="","",COUNTIFS(Tâches!$G$2:$G$1000,"*"&$G5&"*",Tâches!$J$2:$J$1000,"<>Terminé",Tâches!$J$2:$J$1000,"<>Annulé")) -> 11 | I5: =IF($G5="","",COUNTIFS(Tâches!$G$2:$G$1000,"*"&$G5&"*",Tâches!$J$2:$J$1000,"Terminé")) -> 0 | J5: =IF($G5="","",COUNTIFS(Tâches!$G$2:$G$1000,"*"&$G5&"*",Tâches!$M$2:$M$1000,"<"&TODAY(),Tâches!$N$2:$N$1000,"=",Tâches!$J$2:$J$1000,"<>Terminé",Tâches!$J$2:$J$1000,"<>Annulé")) -> 0 | K5: =SUM(H5:J5) -> 11
A6: En attente | B6: =COUNTIF(Tâches!$J$2:$J$1000,$A6) -> 0 | D6: ⭐ Normal | E6: =COUNTIF(Tâches!$I$2:$I$1000,$D6) -> 9 | G6: =IF(Paramètres!$A$7="","",Paramètres!$A$7) -> Valentin | H6: =IF($G6="","",COUNTIFS(Tâches!$G$2:$G$1000,"*"&$G6&"*",Tâches!$J$2:$J$1000,"<>Terminé",Tâches!$J$2:$J$1000,"<>Annulé")) -> 3 | I6: =IF($G6="","",COUNTIFS(Tâches!$G$2:$G$1000,"*"&$G6&"*",Tâches!$J$2:$J$1000,"Terminé")) -> 0 | J6: =IF($G6="","",COUNTIFS(Tâches!$G$2:$G$1000,"*"&$G6&"*",Tâches!$M$2:$M$1000,"<"&TODAY(),Tâches!$N$2:$N$1000,"=",Tâches!$J$2:$J$1000,"<>Terminé",Tâches!$J$2:$J$1000,"<>Annulé")) -> 0 | K6: =SUM(H6:J6) -> 3
A7: Bloqué | B7: =COUNTIF(Tâches!$J$2:$J$1000,$A7) -> 0 | G7: =IF(Paramètres!$A$8="","",Paramètres!$A$8) | H7: =IF($G7="","",COUNTIFS(Tâches!$G$2:$G$1000,"*"&$G7&"*",Tâches!$J$2:$J$1000,"<>Terminé",Tâches!$J$2:$J$1000,"<>Annulé")) | I7: =IF($G7="","",COUNTIFS(Tâches!$G$2:$G$1000,"*"&$G7&"*",Tâches!$J$2:$J$1000,"Terminé")) | J7: =IF($G7="","",COUNTIFS(Tâches!$G$2:$G$1000,"*"&$G7&"*",Tâches!$M$2:$M$1000,"<"&TODAY(),Tâches!$N$2:$N$1000,"=",Tâches!$J$2:$J$1000,"<>Terminé",Tâches!$J$2:$J$1000,"<>Annulé")) | K7: =IF($G7="","",COUNTIFS(Tâches!$G$2:$G$1000,"*"&$G7&"*",Tâches!$B$2:$B$1000,"<>"))
A8: À valider | B8: =COUNTIF(Tâches!$J$2:$J$1000,$A8) -> 0 | G8: =IF(Paramètres!$A$9="","",Paramètres!$A$9) | H8: =IF($G8="","",COUNTIFS(Tâches!$G$2:$G$1000,"*"&$G8&"*",Tâches!$J$2:$J$1000,"<>Terminé",Tâches!$J$2:$J$1000,"<>Annulé")) | I8: =IF($G8="","",COUNTIFS(Tâches!$G$2:$G$1000,"*"&$G8&"*",Tâches!$J$2:$J$1000,"Terminé")) | J8: =IF($G8="","",COUNTIFS(Tâches!$G$2:$G$1000,"*"&$G8&"*",Tâches!$M$2:$M$1000,"<"&TODAY(),Tâches!$N$2:$N$1000,"=",Tâches!$J$2:$J$1000,"<>Terminé",Tâches!$J$2:$J$1000,"<>Annulé")) | K8: =IF($G8="","",COUNTIFS(Tâches!$G$2:$G$1000,"*"&$G8&"*",Tâches!$B$2:$B$1000,"<>"))
A9: Terminé | B9: =COUNTIF(Tâches!$J$2:$J$1000,$A9) -> 0 | G9: =IF(Paramètres!$A$10="","",Paramètres!$A$10) | H9: =IF($G9="","",COUNTIFS(Tâches!$G$2:$G$1000,"*"&$G9&"*",Tâches!$J$2:$J$1000,"<>Terminé",Tâches!$J$2:$J$1000,"<>Annulé")) | I9: =IF($G9="","",COUNTIFS(Tâches!$G$2:$G$1000,"*"&$G9&"*",Tâches!$J$2:$J$1000,"Terminé")) | J9: =IF($G9="","",COUNTIFS(Tâches!$G$2:$G$1000,"*"&$G9&"*",Tâches!$M$2:$M$1000,"<"&TODAY(),Tâches!$N$2:$N$1000,"=",Tâches!$J$2:$J$1000,"<>Terminé",Tâches!$J$2:$J$1000,"<>Annulé")) | K9: =IF($G9="","",COUNTIFS(Tâches!$G$2:$G$1000,"*"&$G9&"*",Tâches!$B$2:$B$1000,"<>"))
A10: Annulé | B10: =COUNTIF(Tâches!$J$2:$J$1000,$A10) -> 0 | G10: =IF(Paramètres!$A$11="","",Paramètres!$A$11) | H10: =IF($G10="","",COUNTIFS(Tâches!$G$2:$G$1000,"*"&$G10&"*",Tâches!$J$2:$J$1000,"<>Terminé",Tâches!$J$2:$J$1000,"<>Annulé")) | I10: =IF($G10="","",COUNTIFS(Tâches!$G$2:$G$1000,"*"&$G10&"*",Tâches!$J$2:$J$1000,"Terminé")) | J10: =IF($G10="","",COUNTIFS(Tâches!$G$2:$G$1000,"*"&$G10&"*",Tâches!$M$2:$M$1000,"<"&TODAY(),Tâches!$N$2:$N$1000,"=",Tâches!$J$2:$J$1000,"<>Terminé",Tâches!$J$2:$J$1000,"<>Annulé")) | K10: =IF($G10="","",COUNTIFS(Tâches!$G$2:$G$1000,"*"&$G10&"*",Tâches!$B$2:$B$1000,"<>"))
G11: =IF(Paramètres!$A$12="","",Paramètres!$A$12) | H11: =IF($G11="","",COUNTIFS(Tâches!$G$2:$G$1000,"*"&$G11&"*",Tâches!$J$2:$J$1000,"<>Terminé",Tâches!$J$2:$J$1000,"<>Annulé")) | I11: =IF($G11="","",COUNTIFS(Tâches!$G$2:$G$1000,"*"&$G11&"*",Tâches!$J$2:$J$1000,"Terminé")) | J11: =IF($G11="","",COUNTIFS(Tâches!$G$2:$G$1000,"*"&$G11&"*",Tâches!$M$2:$M$1000,"<"&TODAY(),Tâches!$N$2:$N$1000,"=",Tâches!$J$2:$J$1000,"<>Terminé",Tâches!$J$2:$J$1000,"<>Annulé")) | K11: =IF($G11="","",COUNTIFS(Tâches!$G$2:$G$1000,"*"&$G11&"*",Tâches!$B$2:$B$1000,"<>"))
A14: Mois | B14: Début | C14: Fin | D14: Créées | E14: Terminées | G14: Pôle | H14: Tâches | I14: Tps moy. résolution (j) | K14: Ancienneté | L14: Nb
A15: =TEXT($B15,"mm/yyyy") -> 08/2025 | B15: =DATE(YEAR(TODAY()),MONTH(TODAY())-11,1) -> 45870 | C15: =EDATE($B15,1) -> 45901 | D15: =COUNTIFS(Tâches!$K$2:$K$1000,">="&$B15,Tâches!$K$2:$K$1000,"<"&$C15) -> 0 | E15: =COUNTIFS(Tâches!$N$2:$N$1000,">="&$B15,Tâches!$N$2:$N$1000,"<"&$C15) -> 0 | G15: =Paramètres!$E$5 -> DEV | H15: =COUNTIF(Tâches!$D$2:$D$1000,$G15) -> 3 | I15: =IFERROR(ROUND(AVERAGEIFS(Tâches!$Q$2:$Q$1000,Tâches!$D$2:$D$1000,$G15),1),"") | K15: 0-3 j | L15: =COUNTIFS(Tâches!$R$2:$R$1000,">=0",Tâches!$R$2:$R$1000,"<=3",Tâches!$J$2:$J$1000,"<>Terminé",Tâches!$J$2:$J$1000,"<>Annulé") -> 17
A16: =TEXT($B16,"mm/yyyy") -> 09/2025 | B16: =EDATE($B15,1) -> 45901 | C16: =EDATE($B16,1) -> 45931 | D16: =COUNTIFS(Tâches!$K$2:$K$1000,">="&$B16,Tâches!$K$2:$K$1000,"<"&$C16) -> 0 | E16: =COUNTIFS(Tâches!$N$2:$N$1000,">="&$B16,Tâches!$N$2:$N$1000,"<"&$C16) -> 0 | G16: =Paramètres!$E$6 -> Data | H16: =COUNTIF(Tâches!$D$2:$D$1000,$G16) -> 4 | I16: =IFERROR(ROUND(AVERAGEIFS(Tâches!$Q$2:$Q$1000,Tâches!$D$2:$D$1000,$G16),1),"") | K16: 4-7 j | L16: =COUNTIFS(Tâches!$R$2:$R$1000,">=4",Tâches!$R$2:$R$1000,"<=7",Tâches!$J$2:$J$1000,"<>Terminé",Tâches!$J$2:$J$1000,"<>Annulé") -> 0
A17: =TEXT($B17,"mm/yyyy") -> 10/2025 | B17: =EDATE($B16,1) -> 45931 | C17: =EDATE($B17,1) -> 45962 | D17: =COUNTIFS(Tâches!$K$2:$K$1000,">="&$B17,Tâches!$K$2:$K$1000,"<"&$C17) -> 0 | E17: =COUNTIFS(Tâches!$N$2:$N$1000,">="&$B17,Tâches!$N$2:$N$1000,"<"&$C17) -> 0 | G17: =Paramètres!$E$7 -> Advisory | H17: =COUNTIF(Tâches!$D$2:$D$1000,$G17) -> 4 | I17: =IFERROR(ROUND(AVERAGEIFS(Tâches!$Q$2:$Q$1000,Tâches!$D$2:$D$1000,$G17),1),"") | K17: 8-14 j | L17: =COUNTIFS(Tâches!$R$2:$R$1000,">=8",Tâches!$R$2:$R$1000,"<=14",Tâches!$J$2:$J$1000,"<>Terminé",Tâches!$J$2:$J$1000,"<>Annulé") -> 0
A18: =TEXT($B18,"mm/yyyy") -> 11/2025 | B18: =EDATE($B17,1) -> 45962 | C18: =EDATE($B18,1) -> 45992 | D18: =COUNTIFS(Tâches!$K$2:$K$1000,">="&$B18,Tâches!$K$2:$K$1000,"<"&$C18) -> 0 | E18: =COUNTIFS(Tâches!$N$2:$N$1000,">="&$B18,Tâches!$N$2:$N$1000,"<"&$C18) -> 0 | G18: =Paramètres!$E$8 -> ADHOC | H18: =COUNTIF(Tâches!$D$2:$D$1000,$G18) -> 2 | I18: =IFERROR(ROUND(AVERAGEIFS(Tâches!$Q$2:$Q$1000,Tâches!$D$2:$D$1000,$G18),1),"") | K18: 15 j + | L18: =COUNTIFS(Tâches!$R$2:$R$1000,">=15",Tâches!$J$2:$J$1000,"<>Terminé",Tâches!$J$2:$J$1000,"<>Annulé") -> 0
A19: =TEXT($B19,"mm/yyyy") -> 12/2025 | B19: =EDATE($B18,1) -> 45992 | C19: =EDATE($B19,1) -> 46023 | D19: =COUNTIFS(Tâches!$K$2:$K$1000,">="&$B19,Tâches!$K$2:$K$1000,"<"&$C19) -> 0 | E19: =COUNTIFS(Tâches!$N$2:$N$1000,">="&$B19,Tâches!$N$2:$N$1000,"<"&$C19) -> 0 | G19: =Paramètres!$E$9 -> Admin | H19: =COUNTIF(Tâches!$D$2:$D$1000,$G19) -> 2 | I19: =IFERROR(ROUND(AVERAGEIFS(Tâches!$Q$2:$Q$1000,Tâches!$D$2:$D$1000,$G19),1),"")
A20: =TEXT($B20,"mm/yyyy") -> 01/2026 | B20: =EDATE($B19,1) -> 46023 | C20: =EDATE($B20,1) -> 46054 | D20: =COUNTIFS(Tâches!$K$2:$K$1000,">="&$B20,Tâches!$K$2:$K$1000,"<"&$C20) -> 0 | E20: =COUNTIFS(Tâches!$N$2:$N$1000,">="&$B20,Tâches!$N$2:$N$1000,"<"&$C20) -> 0 | G20: =Paramètres!$E$10 -> Prospection | H20: =COUNTIF(Tâches!$D$2:$D$1000,$G20) -> 2 | I20: =IFERROR(ROUND(AVERAGEIFS(Tâches!$Q$2:$Q$1000,Tâches!$D$2:$D$1000,$G20),1),"")
A21: =TEXT($B21,"mm/yyyy") -> 02/2026 | B21: =EDATE($B20,1) -> 46054 | C21: =EDATE($B21,1) -> 46082 | D21: =COUNTIFS(Tâches!$K$2:$K$1000,">="&$B21,Tâches!$K$2:$K$1000,"<"&$C21) -> 0 | E21: =COUNTIFS(Tâches!$N$2:$N$1000,">="&$B21,Tâches!$N$2:$N$1000,"<"&$C21) -> 0
A22: =TEXT($B22,"mm/yyyy") -> 03/2026 | B22: =EDATE($B21,1) -> 46082 | C22: =EDATE($B22,1) -> 46113 | D22: =COUNTIFS(Tâches!$K$2:$K$1000,">="&$B22,Tâches!$K$2:$K$1000,"<"&$C22) -> 0 | E22: =COUNTIFS(Tâches!$N$2:$N$1000,">="&$B22,Tâches!$N$2:$N$1000,"<"&$C22) -> 0
A23: =TEXT($B23,"mm/yyyy") -> 04/2026 | B23: =EDATE($B22,1) -> 46113 | C23: =EDATE($B23,1) -> 46143 | D23: =COUNTIFS(Tâches!$K$2:$K$1000,">="&$B23,Tâches!$K$2:$K$1000,"<"&$C23) -> 0 | E23: =COUNTIFS(Tâches!$N$2:$N$1000,">="&$B23,Tâches!$N$2:$N$1000,"<"&$C23) -> 0
A24: =TEXT($B24,"mm/yyyy") -> 05/2026 | B24: =EDATE($B23,1) -> 46143 | C24: =EDATE($B24,1) -> 46174 | D24: =COUNTIFS(Tâches!$K$2:$K$1000,">="&$B24,Tâches!$K$2:$K$1000,"<"&$C24) -> 0 | E24: =COUNTIFS(Tâches!$N$2:$N$1000,">="&$B24,Tâches!$N$2:$N$1000,"<"&$C24) -> 0
A25: =TEXT($B25,"mm/yyyy") -> 06/2026 | B25: =EDATE($B24,1) -> 46174 | C25: =EDATE($B25,1) -> 46204 | D25: =COUNTIFS(Tâches!$K$2:$K$1000,">="&$B25,Tâches!$K$2:$K$1000,"<"&$C25) -> 0 | E25: =COUNTIFS(Tâches!$N$2:$N$1000,">="&$B25,Tâches!$N$2:$N$1000,"<"&$C25) -> 0
A26: =TEXT($B26,"mm/yyyy") -> 07/2026 | B26: =EDATE($B25,1) -> 46204 | C26: =EDATE($B26,1) -> 46235 | D26: =COUNTIFS(Tâches!$K$2:$K$1000,">="&$B26,Tâches!$K$2:$K$1000,"<"&$C26) -> 17 | E26: =COUNTIFS(Tâches!$N$2:$N$1000,">="&$B26,Tâches!$N$2:$N$1000,"<"&$C26) -> 0
A27: =TEXT($B27,"mm/yyyy") -> 08/2026 | B27: =EDATE($B26,1) -> 46235 | C27: =EDATE($B27,1) -> 46266 | D27: =COUNTIFS(Tâches!$K$2:$K$1000,">="&$B27,Tâches!$K$2:$K$1000,"<"&$C27) -> 0 | E27: =COUNTIFS(Tâches!$N$2:$N$1000,">="&$B27,Tâches!$N$2:$N$1000,"<"&$C27) -> 0
A28: =TEXT($B28,"mm/yyyy") -> 09/2026 | B28: =EDATE($B27,1) -> 46266 | C28: =EDATE($B28,1) -> 46296 | D28: =COUNTIFS(Tâches!$K$2:$K$1000,">="&$B28,Tâches!$K$2:$K$1000,"<"&$C28) -> 0 | E28: =COUNTIFS(Tâches!$N$2:$N$1000,">="&$B28,Tâches!$N$2:$N$1000,"<"&$C28) -> 0
A29: =TEXT($B29,"mm/yyyy") -> 10/2026 | B29: =EDATE($B28,1) -> 46296 | C29: =EDATE($B29,1) -> 46327 | D29: =COUNTIFS(Tâches!$K$2:$K$1000,">="&$B29,Tâches!$K$2:$K$1000,"<"&$C29) -> 0 | E29: =COUNTIFS(Tâches!$N$2:$N$1000,">="&$B29,Tâches!$N$2:$N$1000,"<"&$C29) -> 0
A30: =TEXT($B30,"mm/yyyy") -> 11/2026 | B30: =EDATE($B29,1) -> 46327 | C30: =EDATE($B30,1) -> 46357 | D30: =COUNTIFS(Tâches!$K$2:$K$1000,">="&$B30,Tâches!$K$2:$K$1000,"<"&$C30) -> 0 | E30: =COUNTIFS(Tâches!$N$2:$N$1000,">="&$B30,Tâches!$N$2:$N$1000,"<"&$C30) -> 0
A31: =TEXT($B31,"mm/yyyy") -> 12/2026 | B31: =EDATE($B30,1) -> 46357 | C31: =EDATE($B31,1) -> 46388 | D31: =COUNTIFS(Tâches!$K$2:$K$1000,">="&$B31,Tâches!$K$2:$K$1000,"<"&$C31) -> 0 | E31: =COUNTIFS(Tâches!$N$2:$N$1000,">="&$B31,Tâches!$N$2:$N$1000,"<"&$C31) -> 0
A32: =TEXT($B32,"mm/yyyy") -> 01/2027 | B32: =EDATE($B31,1) -> 46388 | C32: =EDATE($B32,1) -> 46419 | D32: =COUNTIFS(Tâches!$K$2:$K$1000,">="&$B32,Tâches!$K$2:$K$1000,"<"&$C32) -> 0 | E32: =COUNTIFS(Tâches!$N$2:$N$1000,">="&$B32,Tâches!$N$2:$N$1000,"<"&$C32) -> 0
... A43: =TEXT($B43,"mm/yyyy") -> 12/2027 | B43: =EDATE($B42,1) -> 46722 | C43: =EDATE($B43,1) -> 46753 | D43: =COUNTIFS(Tâches!$K$2:$K$1000,">="&$B43,Tâches!$K$2:$K$1000,"<"&$C43) -> 0 | E43: =COUNTIFS(Tâches!$N$2:$N$1000,">="&$B43,Tâches!$N$2:$N$1000,"<"&$C43) -> 0
